Volume Id, Whole Brain Volume 
ID_GOP87,511.3625600000001
ID_5647,496.589824
