Volume Id, PF Volume 
ID_GOP87,3.4279199999999994
ID_5647,3.3860159999999992
